date,ts,country,rank,title,source
2026-09-23,2026-09-23 10:00:50,TW,1,舒力基颱風最快今生成！恐教師節來亂 專家：直球對決可能性正在增大 - UDN,UDN
2026-09-23,2026-09-23 10:00:50,TW,2,洪災周年…1把利劍仍懸在光復心上 重建路迢迢 - UDN,UDN
2026-09-23,2026-09-23 10:00:50,TW,3,傳恐向川普重提817公報 習近平將施壓對台軍售 - UDN,UDN
2026-09-23,2026-09-23 10:00:50,TW,4,結束APEC會議返台 勞動部長洪申翰：守住對等尊嚴[影] - 中央社 CNA,中央社 CNA
2026-09-23,2026-09-23 10:00:50,TW,5,馬斯克、黃仁勳與庫克赴宴見習近平 一文看懂他們對中國的訴求 - news.cnyes.com,news.cnyes.com
2026-09-23,2026-09-23 10:00:50,TW,6,花蓮鄉代參選人邱鳳英中秋晚會突倒地 送醫搶救宣告不治 - Yahoo新聞,Yahoo新聞
2026-09-23,2026-09-23 10:00:50,TW,7,蔥抓餅翻版！沈伯洋快閃延三夜市 店家快手送剉冰邀簽名吸買氣 - 自由時報,自由時報
2026-09-23,2026-09-23 10:00:50,TW,8,蔣萬安危險了？北市「政黨輪替」民調出爐 沈伯洋和他不只支持度「差距驚人」 | 李瑋萱 | 新聞 - 風傳媒,風傳媒
2026-09-23,2026-09-23 10:00:50,TW,9,自爆「徐欣瑩Game over了」 民眾黨不阻止小草投鄭朝方 - 中時新聞網,中時新聞網
2026-09-23,2026-09-23 10:00:50,TW,10,藍、綠同台！何志勇「合體」莊競程　邀高虹安市政辯論：欠學生一個道歉 - 三立新聞,三立新聞
2026-09-23,2026-09-23 10:00:50,US,1,Trump threatens to 'annihilate' Iran in UN speech as officials from both countries meet on sidelines - BBC,BBC
2026-09-23,2026-09-23 10:00:50,US,2,White House launches 'Trump TV' after ban on major news outlets - NPR,NPR
2026-09-23,2026-09-23 10:00:50,US,3,Trump signs ‘fantastic’ Greenland security deal with Denmark - politico.eu,politico.eu
2026-09-23,2026-09-23 10:00:50,US,4,Grand jury finds insufficient evidence of a crime in Nolan Wells’s death - The Washington Post,The Washington Post
2026-09-23,2026-09-23 10:00:50,US,5,Trump's D.C. arch is now a military complex. Here's how that complicates things - NPR,NPR
2026-09-23,2026-09-23 10:00:50,US,6,"Rare September nor'easter could bring coastal flooding, gusty winds to the Northeast - 6abc Philadelphia",6abc Philadelphia
2026-09-23,2026-09-23 10:00:50,US,7,US judge blocks deportation of DoorDash driver shot by ICE - BBC,BBC
2026-09-23,2026-09-23 10:00:50,US,8,Sen. Jon Husted: Iran war ‘needs to come to an end as quickly as possible’ - Politico,Politico
2026-09-23,2026-09-23 10:00:50,US,9,"Camp Mystic Owners Face Criminal Inquiry Over Deadly Flood, Warrants Show - The New York Times",The New York Times
2026-09-23,2026-09-23 10:00:50,US,10,Kratom found at locations where two Ole Miss students were discovered dead - NBC News,NBC News
2026-09-23,2026-09-23 10:00:50,JP,1,米大統領 国連でICC脱退呼びかけ - Yahoo!ニュース,Yahoo!ニュース
2026-09-23,2026-09-23 10:00:50,JP,2,「あなたの支持率をいつもモニターしている」トランプ氏 日米首脳会談冒頭のやりとり全文 - 産経ニュース,産経ニュース
2026-09-23,2026-09-23 10:00:50,JP,3,「もっと一緒にいたかった」福岡飲酒事故で死亡した３歳児の両親、声を震わせ…旅行に向かう途中で巻き込まれる - 読売新聞,読売新聞
2026-09-23,2026-09-23 10:00:50,JP,4,台風25号 千葉と神奈川で7人死亡 5人不明 浸水被害相次ぐ - NHKニュース,NHKニュース
2026-09-23,2026-09-23 10:00:50,JP,5,AIは「SI」に改称 米大統領宣言 - Yahoo!ニュース,Yahoo!ニュース
2026-09-23,2026-09-23 10:00:50,JP,6,台風25号で関東の6割が連休の予定を変更 「2日前まで」の早期判断が多数に - ウェザーニュース,ウェザーニュース
2026-09-23,2026-09-23 10:00:50,JP,7,台風26号発生へ…気象庁の予想進路、米軍・ヨーロッパの見方 日本への影響は - 福井新聞社,福井新聞社
2026-09-23,2026-09-23 10:00:50,JP,8,高市首相、ウクライナ大統領と会談 就任後初、支援継続を伝達 - 時事ドットコム,時事ドットコム
2026-09-23,2026-09-23 10:00:50,JP,9,関東や東海で雨　降り方が強まる所も　北陸や東北も次第に雨　今日23日(水)の天気(気象予報士 日直主任 2026年09月23日) - tenki.jp,tenki.jp
2026-09-23,2026-09-23 10:00:50,JP,10,二十四節気「秋分」 秋分の時期に咲く”彼岸花” 天界の花？地獄の花？ - ウェザーニュース,ウェザーニュース
2026-09-23,2026-09-23 10:00:50,KR,1,민주당 “조희대 ‘내란적 재제청 거부’ 사법개혁 방아쇠 될 것…국회 권한 활용 책임 묻겠다” - KBS 뉴스,KBS 뉴스
2026-09-23,2026-09-23 10:00:50,KR,2,"이 대통령, 유엔 연설서 ‘비핵화’ 대신 “핵 없는 한반도” - 한겨레",한겨레
2026-09-23,2026-09-23 10:00:50,KR,3,"美·이란, 유엔총회 계기 고위급 회담… 트럼프 ""매우 좋은 만남"" - 조선일보",조선일보
2026-09-23,2026-09-23 10:00:50,KR,4,죠스바 매출 껑충·카페는 ’죠스점’ 변신…’부산 상어 특수’ - 연합뉴스TV,연합뉴스TV
2026-09-23,2026-09-23 10:00:50,KR,5,"시진핑 방미단에 AI 수장들 빠진 듯…""핵심 인재 보호"" - 연합뉴스TV",연합뉴스TV
2026-09-23,2026-09-23 10:00:50,KR,6,'매관매직' 징역 5년으로‥'콘스탄틴' 시계 빠져 - MBC 뉴스,MBC 뉴스
2026-09-23,2026-09-23 10:00:50,KR,7,‘중도·서울·30대·뉴이재명’의 이탈…지지율 하락 폭 키워 - 한겨레,한겨레
2026-09-23,2026-09-23 10:00:50,KR,8,"[속보] 이정현 신임 대검 차장 ""李 공소취소, 진상조사 결과 살펴봐야"" - MBC 뉴스",MBC 뉴스
2026-09-23,2026-09-23 10:00:50,KR,9,"文 前대통령 ‘뇌물’ 혐의, 내년 1월 국민참여재판 - 동아일보",동아일보
2026-09-23,2026-09-23 10:00:50,KR,10,"김승원 인사 논란에, 다시 주목받는 李최측근 정진상-김현지 - 동아일보",동아일보
2026-09-23,2026-09-23 10:00:50,UK,1,Trump praises relations with Burnham despite tensions over AI and Iran - The Guardian,The Guardian
2026-09-23,2026-09-23 10:00:50,UK,2,"UK to fight Russian disinformation and push new global AI standards, Burnham says - BBC",BBC
2026-09-23,2026-09-23 10:00:50,UK,3,UN latest: Iran given 'two choices' by Trump - after Greenland deal signed which 'can last forever' - Sky News,Sky News
2026-09-23,2026-09-23 10:00:50,UK,4,Burnham will do ‘everything possible’ to hand over Chagos Islands - The Telegraph,The Telegraph
2026-09-23,2026-09-23 10:00:50,UK,5,Developing El Niño becomes strongest on record weeks before expected peak - BBC,BBC
2026-09-23,2026-09-23 10:00:50,UK,6,Two men arrested over suspected terrorist plot to target Jewish community in Manchester area - Sky News,Sky News
2026-09-23,2026-09-23 10:00:50,UK,7,The Princess of Wales dazzles with amethyst heart necklace at first premiere in four years - The Telegraph,The Telegraph
2026-09-23,2026-09-23 10:00:50,UK,8,"Migrant dinghy heading towards UK was at sea more than 33 hours, French officials say - Sky News",Sky News
2026-09-23,2026-09-23 10:00:50,UK,9,Children as young as 13 being referred to UK hospital suffering from ‘ketamine bladder’ - The Guardian,The Guardian
2026-09-23,2026-09-23 10:00:50,UK,10,Far-right activist Daniel Thomas slashes dinghy in Channel with blade while rescue worker onboard - The Guardian,The Guardian
